USE `EJEMPLO`
;
/****** Object:  Table `CLIENTES`    Script Date: 18/02/2020 0:44:08 ******/


CREATE TABLE `CLIENTES`(
	`COD` varchar(20) NOT NULL,
	`EMPRESA` varchar(200) NULL,
	`DIRECCION` varchar(200) NULL,
	`LOCALIDAD` varchar(200) NULL,
	`TELEFONO` varchar(100) NULL,
	`RESPONSABLE` varchar(100) NULL
)
;
/****** Object:  Table `PEDIDOS`    Script Date: 18/02/2020 0:44:08 ******/


CREATE TABLE `PEDIDOS`(
	`NRO` int NOT NULL,
	`CODI;` varchar(10) NULL,
	`FECHA` date NULL,
	`FORMAPA;` varchar(20) NULL,
	`DESCUENTO` double NULL,
	`ENVIADO` tinyint NULL
)
;
/****** Object:  Table `PRODUCTOS`    Script Date: 18/02/2020 0:44:08 ******/


CREATE TABLE `PRODUCTOS`(
	`COD` varchar(10) NULL,
	`SECCION` varchar(100) NULL,
	`NOMBRE` varchar(100) NULL,
	`PRECIO` double NULL,
	`FECHA` date NULL,
	`IMPORTADO` tinyint NULL,
	`PAIS` varchar(100) NULL
)
;
;INSERT `CLIENTES` (`COD`, `EMPRESA`, `DIRECCION`, `LOCALIDAD`, `TELEFONO`, `RESPONSABLE`) VALUES (N'CT01', N'BELTRÁN E HIJOS', N'LAS FUENTES 78', N'MADRID', N'(914) 45- 64- 35', N'ANGEL MARTÍNEZ')
;
;INSERT `CLIENTES` (`COD`, `EMPRESA`, `DIRECCION`, `LOCALIDAD`, `TELEFONO`, `RESPONSABLE`) VALUES (N'CT02', N'LA MODERNA', N'LA PALOMA 123', N'OVIEDO', N'(985) 32- 34- 34', N'JUAN GARCÍA')
;
;INSERT `CLIENTES` (`COD`, `EMPRESA`, `DIRECCION`, `LOCALIDAD`, `TELEFONO`, `RESPONSABLE`) VALUES (N'CT03', N'EL ESPAÑOLITO', N'MOTORES 34', N'BARCELONA', N'(934) 56- 53- 43', N'ANA FERNÁNDEZ')
;
;INSERT `CLIENTES` (`COD`, `EMPRESA`, `DIRECCION`, `LOCALIDAD`, `TELEFONO`, `RESPONSABLE`) VALUES (N'CT04', N'EXPORTASA', N'VALLECAS 34', N'MADRID', N'(913) 45- 23- 78', N'ELVIRA GÓMEZ')
;
;INSERT `CLIENTES` (`COD`, `EMPRESA`, `DIRECCION`, `LOCALIDAD`, `TELEFONO`, `RESPONSABLE`) VALUES (N'CT06', N'CONFECCIONES AMPARO', N'LOS MOROS 23', N'GIJÓN', N'(985) 75- 43- 32', N'LUÍS ÁLVAREZ')
;
;INSERT `CLIENTES` (`COD`, `EMPRESA`, `DIRECCION`, `LOCALIDAD`, `TELEFONO`, `RESPONSABLE`) VALUES (N'CT07', N'LA CASA DEL JUGUETE', N'AMÉRICA 45', N'MADRID', N'(912) 64- 99- 87', N'ELÍAS PÉREZ')
;
;INSERT `CLIENTES` (`COD`, `EMPRESA`, `DIRECCION`, `LOCALIDAD`, `TELEFONO`, `RESPONSABLE`) VALUES (N'CT08', N'JUGUETERÍA SUÁREZ', N'PARIS 123', N'BARCELONA', N'(933) 45- 78- 66', N'JUAN GARCÍA')
;
;INSERT `CLIENTES` (`COD`, `EMPRESA`, `DIRECCION`, `LOCALIDAD`, `TELEFONO`, `RESPONSABLE`) VALUES (N'CT09', N'ALMACÉN POPULAR', N'LAS FUENTES 124', N'BILBAO', N'(942) 34- 71- 27', N'JOSÉ ÁLVAREZ')
;
;INSERT `CLIENTES` (`COD`, `EMPRESA`, `DIRECCION`, `LOCALIDAD`, `TELEFONO`, `RESPONSABLE`) VALUES (N'CT10', N'FERETERÍA EL CLAVO', N'PASEO DE ÁLAMOS 78', N'MADRID', N'(914) 35- 48- 66', N'MANUEL MENÉNDEZ')
;
;INSERT `CLIENTES` (`COD`, `EMPRESA`, `DIRECCION`, `LOCALIDAD`, `TELEFONO`, `RESPONSABLE`) VALUES (N'CT11', N'JUGUETES MARTÍNEZ', N'VIA LAYETANA 245', N'BARCELONA', N'(936) 62- 85- 54', N'FRANCISCO CUEVAS')
;
;INSERT `CLIENTES` (`COD`, `EMPRESA`, `DIRECCION`, `LOCALIDAD`, `TELEFONO`, `RESPONSABLE`) VALUES (N'CT12', N'FERNÁNDEZ SL', N'PASEO DEL MAR 45', N'SANTANDER', N'(942) 04- 95- 86', N'ELISA COLLADO')
;
;INSERT `CLIENTES` (`COD`, `EMPRESA`, `DIRECCION`, `LOCALIDAD`, `TELEFONO`, `RESPONSABLE`) VALUES (N'CT13', N'CONFECCIONES ARTÍMEZ', N'GENERAL PERÓN 45', N'A CORUÑA', N'(981) 34- 52- 39', N'ESTEBAN PASCUAL')
;
;INSERT `CLIENTES` (`COD`, `EMPRESA`, `DIRECCION`, `LOCALIDAD`, `TELEFONO`, `RESPONSABLE`) VALUES (N'CT14', N'DEPORTES GARCÍA', N'GUZMÁN EL BUENO 45', N'MADRID', N'(913) 29- 94- 75', N'ANA JIMÉNEZ')
;
;INSERT `CLIENTES` (`COD`, `EMPRESA`, `DIRECCION`, `LOCALIDAD`, `TELEFONO`, `RESPONSABLE`) VALUES (N'CT15', N'EXCLUSIVAS FERNÁNDEZ', N'LLOBREGAT 250', N'BARCELONA', N'(939) 55- 83- 65', N'LUISA FERNÁNDEZ')
;
;INSERT `CLIENTES` (`COD`, `EMPRESA`, `DIRECCION`, `LOCALIDAD`, `TELEFONO`, `RESPONSABLE`) VALUES (N'CT16', N'DEPORTES MORÁN', N'AUTONOMÍA 45', N'LU;', N'(982) 98- 69- 44', N'JOSÉ MANZANO')
;
;INSERT `CLIENTES` (`COD`, `EMPRESA`, `DIRECCION`, `LOCALIDAD`, `TELEFONO`, `RESPONSABLE`) VALUES (N'CT17', N'BAZAR FRANCISCO', N'CARMEN 45', N'ZAMORA', N'(980) 49- 52- 88', N'CARLOS BELTRÁN')
;
;INSERT `CLIENTES` (`COD`, `EMPRESA`, `DIRECCION`, `LOCALIDAD`, `TELEFONO`, `RESPONSABLE`) VALUES (N'CT18', N'JUGUETES LA SONRISA', N'LA BAÑEZA 67', N'LEÓN', N'(987) 94- 53- 68', N'FAUSTINO PÉREZ')
;
;INSERT `CLIENTES` (`COD`, `EMPRESA`, `DIRECCION`, `LOCALIDAD`, `TELEFONO`, `RESPONSABLE`) VALUES (N'CT19', N'CONFECCIONES GALÁN', N'FUENCARRAL 78', N'MADRID', N'(913) 85- 92- 34', N'JUAN GARCÍA')
;
;INSERT `CLIENTES` (`COD`, `EMPRESA`, `DIRECCION`, `LOCALIDAD`, `TELEFONO`, `RESPONSABLE`) VALUES (N'CT20', N'LA CURTIDORA', N'OLIVARES 3', N'MÁLAGA', N'(953) 75- 62- 59', N'MARÍA GÓMEZ')
;
;INSERT `CLIENTES` (`COD`, `EMPRESA`, `DIRECCION`, `LOCALIDAD`, `TELEFONO`, `RESPONSABLE`) VALUES (N'CT21', N'LÍNEA JOVEN', N'SIERPES 78', N'SEVILLA', N'(953) 45- 25- 67', N'ASUNCIÓN SALADO')
;
;INSERT `CLIENTES` (`COD`, `EMPRESA`, `DIRECCION`, `LOCALIDAD`, `TELEFONO`, `RESPONSABLE`) VALUES (N'CT22', N'BAZAR EL BARAT', N'DIA;NAL 56', N'BARCELONA', N'(936) 69- 28- 66', N'ELISA DAPENA')
;
;INSERT `CLIENTES` (`COD`, `EMPRESA`, `DIRECCION`, `LOCALIDAD`, `TELEFONO`, `RESPONSABLE`) VALUES (N'CT23', N'EL PALACIO DE LA MODA', N'ORTEGA Y GASSET 129', N'MADRID', N'(927) 78- 52- 35', N'LAURA CARRASCO')
;
;INSERT `CLIENTES` (`COD`, `EMPRESA`, `DIRECCION`, `LOCALIDAD`, `TELEFONO`, `RESPONSABLE`) VALUES (N'CT24', N'SÁEZ Y CÍA', N'INFANTA MERCEDS 23', N'SEVILLA', N'(954) 86- 92- 34', N'MANUEL GUERRA')
;
;INSERT `CLIENTES` (`COD`, `EMPRESA`, `DIRECCION`, `LOCALIDAD`, `TELEFONO`, `RESPONSABLE`) VALUES (N'CT25', N'DEPORTES EL MADRILEÑO', N'CASTILLA 345', N'ZARA;ZA', N'(976) 38- 89- 34', N'CARLOS ;NZÁLEZ')
;
;INSERT `CLIENTES` (`COD`, `EMPRESA`, `DIRECCION`, `LOCALIDAD`, `TELEFONO`, `RESPONSABLE`) VALUES (N'CT26', N'FERRETERÍA LA ESCOBA', N'ORENSE 7', N'MADRID', N'(918) 45- 93- 46', N'JOSÉ GARCÍA')
;
;INSERT `CLIENTES` (`COD`, `EMPRESA`, `DIRECCION`, `LOCALIDAD`, `TELEFONO`, `RESPONSABLE`) VALUES (N'CT27', N'JUGUETES EL BARATO', N'VÍA AUGUSTA 245', N'BARCELONA', N'(933) 48- 69- 84', N'ELVIRA IGLESIAS')
;
;INSERT `CLIENTES` (`COD`, `EMPRESA`, `DIRECCION`, `LOCALIDAD`, `TELEFONO`, `RESPONSABLE`) VALUES (N'CT28', N'CONFECCIONES HERMINIA', N'CORRIDA 345', N'GIJÓN', N'(985) 59- 73- 15', N'ABEL ;NZÁLEZ')
;
;INSERT `CLIENTES` (`COD`, `EMPRESA`, `DIRECCION`, `LOCALIDAD`, `TELEFONO`, `RESPONSABLE`) VALUES (N'CT30', N'BAZAR EL ARGENTINO', N'ATOCHA 55', N'MADRID', N'(912) 49- 59- 73', N'ADRIÁN ÁLVAREZ')
;
;INSERT `CLIENTES` (`COD`, `EMPRESA`, `DIRECCION`, `LOCALIDAD`, `TELEFONO`, `RESPONSABLE`) VALUES (N'CT31', N'LA TIENDA ELEGANTE', N'EL COMENDADOR 67', N'ZARA;ZA', N'(975) 69- 40- 35', N'JOSÉ PASCUAL')
;
;INSERT `CLIENTES` (`COD`, `EMPRESA`, `DIRECCION`, `LOCALIDAD`, `TELEFONO`, `RESPONSABLE`) VALUES (N'CT32', N'DEPORTES NAUTICOS GARCÍA', N'JUAN FERNÁNDEZ 89', N'ÁVILA', N'(920) 26- 86- 48', N'JUAN CONRADO')
;
;INSERT `CLIENTES` (`COD`, `EMPRESA`, `DIRECCION`, `LOCALIDAD`, `TELEFONO`, `RESPONSABLE`) VALUES (N'CT33', N'CONFECCIONES RUIZ', N'LLOBREGAT 345', N'BARCELONA', N'(934) 58- 76- 15', N'CARLOS SANZ')
;
;INSERT `CLIENTES` (`COD`, `EMPRESA`, `DIRECCION`, `LOCALIDAD`, `TELEFONO`, `RESPONSABLE`) VALUES (N'CT34', N'BAZAR LA FARAONA', N'CASTILLA Y LEÓN 34', N'MADRID', N'(915) 48- 36- 27', N'ANGEL SANTAMARÍA')
;
;INSERT `CLIENTES` (`COD`, `EMPRESA`, `DIRECCION`, `LOCALIDAD`, `TELEFONO`, `RESPONSABLE`) VALUES (N'CT35', N'FERRETERÍA EL MARTILLO', N'CASTELLANOS 205', N'SALAMANCA', N'(923) 54- 89- 65', N'JOAQUÍN FERNANDEZ')
;
;INSERT `CLIENTES` (`COD`, `EMPRESA`, `DIRECCION`, `LOCALIDAD`, `TELEFONO`, `RESPONSABLE`) VALUES (N'CT36', N'JUGUETES EDUCATIVOS SANZ', N'ORENSE 89', N'MADRID', N'(916) 87- 23- 54', N'PEDRO IGLESIAS')
;
;INSERT `CLIENTES` (`COD`, `EMPRESA`, `DIRECCION`, `LOCALIDAD`, `TELEFONO`, `RESPONSABLE`) VALUES (N'CT37', N'ALMACENES FERNANDEZ', N'ANTÓN 67', N'TERUEL', N'(978) 56- 40- 25', N'MARIA ARDANZA')
;
;INSERT `CLIENTES` (`COD`, `EMPRESA`, `DIRECCION`, `LOCALIDAD`, `TELEFONO`, `RESPONSABLE`) VALUES (N'CT38', N'CONFECCIONES MÓNICA', N'MOTORES 67', N'BARCELONA', N'(935) 68- 12- 45', N'PEDRO SERRANO')
;
;INSERT `CLIENTES` (`COD`, `EMPRESA`, `DIRECCION`, `LOCALIDAD`, `TELEFONO`, `RESPONSABLE`) VALUES (N'CT39', N'FERRETERÍA LIMA', N'VALLECAS 45', N'MADRID', N'(913) 53- 27- 85', N'LUIS GARCÍA')
;
;INSERT `CLIENTES` (`COD`, `EMPRESA`, `DIRECCION`, `LOCALIDAD`, `TELEFONO`, `RESPONSABLE`) VALUES (N'CT40', N'DEPORTES EL BRASILEÑO', N'ABEL MARTÍNEZ 67', N'SALAMANCA', N'(921) 54- 87- 62', N'CARLOS GÓMEZ')
;
;INSERT `PEDIDOS` (`NRO`, `CODI;`, `FECHA`, `FORMAPA;`, `DESCUENTO`, `ENVIADO`) VALUES (1, N'CT01', CAST(N'2000-03-11' AS Date), N'CONTADO', 0.02, 1)
;
;INSERT `PEDIDOS` (`NRO`, `CODI;`, `FECHA`, `FORMAPA;`, `DESCUENTO`, `ENVIADO`) VALUES (3, N'CT23', CAST(N'2000-03-18' AS Date), N'APLAZADO', 0.06, 0)
;
;INSERT `PEDIDOS` (`NRO`, `CODI;`, `FECHA`, `FORMAPA;`, `DESCUENTO`, `ENVIADO`) VALUES (5, N'CT25', CAST(N'2000-03-31' AS Date), N'CONTADO', 0.09, 0)
;
;INSERT `PEDIDOS` (`NRO`, `CODI;`, `FECHA`, `FORMAPA;`, `DESCUENTO`, `ENVIADO`) VALUES (7, N'CT12', CAST(N'2000-04-12' AS Date), N'CONTADO', 0.07, 0)
;
;INSERT `PEDIDOS` (`NRO`, `CODI;`, `FECHA`, `FORMAPA;`, `DESCUENTO`, `ENVIADO`) VALUES (8, N'CT01', CAST(N'2000-04-15' AS Date), N'TARJETA', 0.02, 1)
;
;INSERT `PEDIDOS` (`NRO`, `CODI;`, `FECHA`, `FORMAPA;`, `DESCUENTO`, `ENVIADO`) VALUES (9, N'CT21', CAST(N'2000-04-21' AS Date), N'CONTADO', 0.04, 0)
;
;INSERT `PEDIDOS` (`NRO`, `CODI;`, `FECHA`, `FORMAPA;`, `DESCUENTO`, `ENVIADO`) VALUES (13, N'CT13', CAST(N'2000-04-30' AS Date), N'APLAZADO', 0.03, 0)
;
;INSERT `PEDIDOS` (`NRO`, `CODI;`, `FECHA`, `FORMAPA;`, `DESCUENTO`, `ENVIADO`) VALUES (22, N'CT07', CAST(N'2000-05-31' AS Date), N'TARJETA', 0.05, 1)
;
;INSERT `PEDIDOS` (`NRO`, `CODI;`, `FECHA`, `FORMAPA;`, `DESCUENTO`, `ENVIADO`) VALUES (25, N'CT18', CAST(N'2000-06-02' AS Date), N'CONTADO', 0.06, 0)
;
;INSERT `PEDIDOS` (`NRO`, `CODI;`, `FECHA`, `FORMAPA;`, `DESCUENTO`, `ENVIADO`) VALUES (27, N'CT34', CAST(N'2000-06-06' AS Date), N'CONTADO', 0.04, 0)
;
;INSERT `PEDIDOS` (`NRO`, `CODI;`, `FECHA`, `FORMAPA;`, `DESCUENTO`, `ENVIADO`) VALUES (31, N'CT30', CAST(N'2000-06-08' AS Date), N'TARJETA', 0.05, 1)
;
;INSERT `PEDIDOS` (`NRO`, `CODI;`, `FECHA`, `FORMAPA;`, `DESCUENTO`, `ENVIADO`) VALUES (28, N'CT28', CAST(N'2000-06-08' AS Date), N'APLAZADO', 0.08, 0)
;
;INSERT `PEDIDOS` (`NRO`, `CODI;`, `FECHA`, `FORMAPA;`, `DESCUENTO`, `ENVIADO`) VALUES (47, N'CT34', CAST(N'2000-07-31' AS Date), N'APLAZADO', 0.08, 0)
;
;INSERT `PEDIDOS` (`NRO`, `CODI;`, `FECHA`, `FORMAPA;`, `DESCUENTO`, `ENVIADO`) VALUES (30, N'CT02', CAST(N'2000-08-15' AS Date), N'CONTADO', 0.06, 1)
;
;INSERT `PEDIDOS` (`NRO`, `CODI;`, `FECHA`, `FORMAPA;`, `DESCUENTO`, `ENVIADO`) VALUES (63, N'CT28', CAST(N'2000-09-10' AS Date), N'CONTADO', 0.09, 0)
;
;INSERT `PEDIDOS` (`NRO`, `CODI;`, `FECHA`, `FORMAPA;`, `DESCUENTO`, `ENVIADO`) VALUES (77, N'CT01', CAST(N'2000-10-28' AS Date), N'CONTADO', 0.05, 0)
;
;INSERT `PEDIDOS` (`NRO`, `CODI;`, `FECHA`, `FORMAPA;`, `DESCUENTO`, `ENVIADO`) VALUES (79, N'CT34', CAST(N'2000-12-12' AS Date), N'CONTADO', 0.05, 0)
;
;INSERT `PEDIDOS` (`NRO`, `CODI;`, `FECHA`, `FORMAPA;`, `DESCUENTO`, `ENVIADO`) VALUES (105, N'CT30', CAST(N'2001-01-01' AS Date), N'APLAZADO', 0.09, 0)
;
;INSERT `PEDIDOS` (`NRO`, `CODI;`, `FECHA`, `FORMAPA;`, `DESCUENTO`, `ENVIADO`) VALUES (102, N'CT06', CAST(N'2001-01-12' AS Date), N'CONTADO', 0.07, 1)
;
;INSERT `PEDIDOS` (`NRO`, `CODI;`, `FECHA`, `FORMAPA;`, `DESCUENTO`, `ENVIADO`) VALUES (103, N'CT02', CAST(N'2001-01-24' AS Date), N'CONTADO', 0.04, 0)
;
;INSERT `PEDIDOS` (`NRO`, `CODI;`, `FECHA`, `FORMAPA;`, `DESCUENTO`, `ENVIADO`) VALUES (29, N'CT30', CAST(N'2001-04-02' AS Date), N'TARJETA', 0.06, 0)
;
;INSERT `PEDIDOS` (`NRO`, `CODI;`, `FECHA`, `FORMAPA;`, `DESCUENTO`, `ENVIADO`) VALUES (11, N'CT04', CAST(N'2001-05-01' AS Date), N'CONTADO', 0.08, 1)
;
;INSERT `PEDIDOS` (`NRO`, `CODI;`, `FECHA`, `FORMAPA;`, `DESCUENTO`, `ENVIADO`) VALUES (16, N'CT25', CAST(N'2001-05-11' AS Date), N'CONTADO', 0.12, 0)
;
;INSERT `PEDIDOS` (`NRO`, `CODI;`, `FECHA`, `FORMAPA;`, `DESCUENTO`, `ENVIADO`) VALUES (12, N'CT06', CAST(N'2001-05-19' AS Date), N'CONTADO', 0.09, 1)
;
;INSERT `PEDIDOS` (`NRO`, `CODI;`, `FECHA`, `FORMAPA;`, `DESCUENTO`, `ENVIADO`) VALUES (21, N'CT16', CAST(N'2001-05-28' AS Date), N'CONTADO', 0.03, 0)
;
;INSERT `PEDIDOS` (`NRO`, `CODI;`, `FECHA`, `FORMAPA;`, `DESCUENTO`, `ENVIADO`) VALUES (26, N'CT09', CAST(N'2001-06-04' AS Date), N'APLAZADO', 0.07, 1)
;
;INSERT `PEDIDOS` (`NRO`, `CODI;`, `FECHA`, `FORMAPA;`, `DESCUENTO`, `ENVIADO`) VALUES (32, N'CT14', CAST(N'2001-06-20' AS Date), N'APLAZADO', 0.06, 0)
;
;INSERT `PEDIDOS` (`NRO`, `CODI;`, `FECHA`, `FORMAPA;`, `DESCUENTO`, `ENVIADO`) VALUES (35, N'CT26', CAST(N'2001-06-30' AS Date), N'CONTADO', 0.06, 0)
;
;INSERT `PEDIDOS` (`NRO`, `CODI;`, `FECHA`, `FORMAPA;`, `DESCUENTO`, `ENVIADO`) VALUES (37, N'CT24', CAST(N'2001-07-02' AS Date), N'TARJETA', 0.03, 1)
;
;INSERT `PEDIDOS` (`NRO`, `CODI;`, `FECHA`, `FORMAPA;`, `DESCUENTO`, `ENVIADO`) VALUES (39, N'CT20', CAST(N'2001-07-08' AS Date), N'TARJETA', 0.06, 1)
;
;INSERT `PEDIDOS` (`NRO`, `CODI;`, `FECHA`, `FORMAPA;`, `DESCUENTO`, `ENVIADO`) VALUES (43, N'CT09', CAST(N'2001-07-18' AS Date), N'CONTADO', 0.07, 0)
;
;INSERT `PEDIDOS` (`NRO`, `CODI;`, `FECHA`, `FORMAPA;`, `DESCUENTO`, `ENVIADO`) VALUES (73, N'CT01', CAST(N'2001-08-02' AS Date), N'CONTADO', 0.07, 0)
;
;INSERT `PEDIDOS` (`NRO`, `CODI;`, `FECHA`, `FORMAPA;`, `DESCUENTO`, `ENVIADO`) VALUES (86, N'CT09', CAST(N'2001-12-24' AS Date), N'APLAZADO', 0.03, 0)
;
;INSERT `PEDIDOS` (`NRO`, `CODI;`, `FECHA`, `FORMAPA;`, `DESCUENTO`, `ENVIADO`) VALUES (98, N'CT01', CAST(N'2001-12-27' AS Date), N'CONTADO', 0.08, 1)
;
;INSERT `PEDIDOS` (`NRO`, `CODI;`, `FECHA`, `FORMAPA;`, `DESCUENTO`, `ENVIADO`) VALUES (5050, N'CT30', CAST(N'2002-03-27' AS Date), N'TARJETA', 0, 1)
;
;INSERT `PEDIDOS` (`NRO`, `CODI;`, `FECHA`, `FORMAPA;`, `DESCUENTO`, `ENVIADO`) VALUES (19, N'CT10', CAST(N'2002-05-22' AS Date), N'CONTADO', 0.07, 1)
;
;INSERT `PEDIDOS` (`NRO`, `CODI;`, `FECHA`, `FORMAPA;`, `DESCUENTO`, `ENVIADO`) VALUES (34, N'CT26', CAST(N'2002-06-23' AS Date), N'TARJETA', 0.05, 0)
;
;INSERT `PEDIDOS` (`NRO`, `CODI;`, `FECHA`, `FORMAPA;`, `DESCUENTO`, `ENVIADO`) VALUES (40, N'CT04', CAST(N'2002-07-12' AS Date), N'CONTADO', 0.12, 0)
;
;INSERT `PEDIDOS` (`NRO`, `CODI;`, `FECHA`, `FORMAPA;`, `DESCUENTO`, `ENVIADO`) VALUES (42, N'CT34', CAST(N'2002-07-15' AS Date), N'APLAZADO', 0.07, 1)
;
;INSERT `PEDIDOS` (`NRO`, `CODI;`, `FECHA`, `FORMAPA;`, `DESCUENTO`, `ENVIADO`) VALUES (44, N'CT34', CAST(N'2002-07-20' AS Date), N'APLAZADO', 0.04, 0)
;
;INSERT `PEDIDOS` (`NRO`, `CODI;`, `FECHA`, `FORMAPA;`, `DESCUENTO`, `ENVIADO`) VALUES (45, N'CT30', CAST(N'2002-07-22' AS Date), N'TARJETA', 0.07, 0)
;
;INSERT `PEDIDOS` (`NRO`, `CODI;`, `FECHA`, `FORMAPA;`, `DESCUENTO`, `ENVIADO`) VALUES (46, N'CT31', CAST(N'2002-07-25' AS Date), N'CONTADO', 0.06, 0)
;
;INSERT `PEDIDOS` (`NRO`, `CODI;`, `FECHA`, `FORMAPA;`, `DESCUENTO`, `ENVIADO`) VALUES (5005, N'CT30', CAST(N'2002-08-10' AS Date), N'TARJETA', 0, 1)
;
;INSERT `PEDIDOS` (`NRO`, `CODI;`, `FECHA`, `FORMAPA;`, `DESCUENTO`, `ENVIADO`) VALUES (72, N'CT01', CAST(N'2002-08-18' AS Date), N'CONTADO', 0.05, 1)
;
;INSERT `PEDIDOS` (`NRO`, `CODI;`, `FECHA`, `FORMAPA;`, `DESCUENTO`, `ENVIADO`) VALUES (48, N'CT18', CAST(N'2002-08-30' AS Date), N'CONTADO', 0.03, 0)
;
;INSERT `PEDIDOS` (`NRO`, `CODI;`, `FECHA`, `FORMAPA;`, `DESCUENTO`, `ENVIADO`) VALUES (49, N'CT28', CAST(N'2002-09-02' AS Date), N'CONTADO', 0.03, 0)
;
;INSERT `PEDIDOS` (`NRO`, `CODI;`, `FECHA`, `FORMAPA;`, `DESCUENTO`, `ENVIADO`) VALUES (50, N'CT09', CAST(N'2002-09-05' AS Date), N'APLAZADO', 0.08, 0)
;
;INSERT `PEDIDOS` (`NRO`, `CODI;`, `FECHA`, `FORMAPA;`, `DESCUENTO`, `ENVIADO`) VALUES (51, N'CT09', CAST(N'2002-09-05' AS Date), N'CONTADO', 0.05, 1)
;
;INSERT `PEDIDOS` (`NRO`, `CODI;`, `FECHA`, `FORMAPA;`, `DESCUENTO`, `ENVIADO`) VALUES (74, N'CT01', CAST(N'2002-09-17' AS Date), N'APLAZADO', 0.08, 0)
;
;INSERT `PEDIDOS` (`NRO`, `CODI;`, `FECHA`, `FORMAPA;`, `DESCUENTO`, `ENVIADO`) VALUES (75, N'CT01', CAST(N'2002-09-30' AS Date), N'TARJETA', 0.12, 0)
;
;INSERT `PEDIDOS` (`NRO`, `CODI;`, `FECHA`, `FORMAPA;`, `DESCUENTO`, `ENVIADO`) VALUES (76, N'CT01', CAST(N'2002-10-19' AS Date), N'CONTADO', 0.04, 1)
;
;INSERT `PEDIDOS` (`NRO`, `CODI;`, `FECHA`, `FORMAPA;`, `DESCUENTO`, `ENVIADO`) VALUES (85, N'CT04', CAST(N'2002-12-23' AS Date), N'TARJETA', 0.04, 0)
;
;INSERT `PRODUCTOS` (`COD`, `SECCION`, `NOMBRE`, `PRECIO`, `FECHA`, `IMPORTADO`, `PAIS`) VALUES (N'AR01', N'FERRETERÍA', N'DESTORNILLADOR', 6.63, CAST(N'2000-10-22' AS Date), 0, N'ESPAÑA')
;
;INSERT `PRODUCTOS` (`COD`, `SECCION`, `NOMBRE`, `PRECIO`, `FECHA`, `IMPORTADO`, `PAIS`) VALUES (N'AR02', N'CONFECCIÓN', N'TRAJE CABALLERO', 284.58, CAST(N'2002-03-11' AS Date), 1, N'ITALIA')
;
;INSERT `PRODUCTOS` (`COD`, `SECCION`, `NOMBRE`, `PRECIO`, `FECHA`, `IMPORTADO`, `PAIS`) VALUES (N'AR03', N'JUGUETERÍA', N'COCHE TELEDIRIGIDO', 159.45, CAST(N'2002-05-26' AS Date), 1, N'MARRUECOS')
;
;INSERT `PRODUCTOS` (`COD`, `SECCION`, `NOMBRE`, `PRECIO`, `FECHA`, `IMPORTADO`, `PAIS`) VALUES (N'AR04', N'DEPORTES', N'RAQUETA TENIS', 93.47, CAST(N'2000-03-20' AS Date), 1, N'USA')
;
;INSERT `PRODUCTOS` (`COD`, `SECCION`, `NOMBRE`, `PRECIO`, `FECHA`, `IMPORTADO`, `PAIS`) VALUES (N'AR06', N'DEPORTES', N'MANCUERNAS', 60, CAST(N'2000-09-13' AS Date), 1, N'USA')
;
;INSERT `PRODUCTOS` (`COD`, `SECCION`, `NOMBRE`, `PRECIO`, `FECHA`, `IMPORTADO`, `PAIS`) VALUES (N'AR07', N'CONFECCIÓN', N'SERRUCHO', 30.2, CAST(N'2001-03-23' AS Date), 1, N'FRANCIA')
;
;INSERT `PRODUCTOS` (`COD`, `SECCION`, `NOMBRE`, `PRECIO`, `FECHA`, `IMPORTADO`, `PAIS`) VALUES (N'AR08', N'JUGUETERÍA', N'CORREPASILLOS', 103.34, CAST(N'2000-04-11' AS Date), 1, N'JAPÓN')
;
;INSERT `PRODUCTOS` (`COD`, `SECCION`, `NOMBRE`, `PRECIO`, `FECHA`, `IMPORTADO`, `PAIS`) VALUES (N'AR09', N'CONFECCIÓN', N'PANTALÓN SEÑORA', 174.23, CAST(N'2000-01-10' AS Date), 1, N'MARRUECOS')
;
;INSERT `PRODUCTOS` (`COD`, `SECCION`, `NOMBRE`, `PRECIO`, `FECHA`, `IMPORTADO`, `PAIS`) VALUES (N'AR10', N'JUGUETERÍA', N'CONSOLA VIDEO', 442.54, CAST(N'2002-09-24' AS Date), 1, N'USA')
;
;INSERT `PRODUCTOS` (`COD`, `SECCION`, `NOMBRE`, `PRECIO`, `FECHA`, `IMPORTADO`, `PAIS`) VALUES (N'AR11', N'CERÁMICA', N'TUBOS', 168.43, CAST(N'2000-02-04' AS Date), 1, N'CHINA')
;
;INSERT `PRODUCTOS` (`COD`, `SECCION`, `NOMBRE`, `PRECIO`, `FECHA`, `IMPORTADO`, `PAIS`) VALUES (N'AR12', N'FERRETERÍA', N'LLAVE INGLESA', 24.4, CAST(N'2001-05-23' AS Date), 1, N'USA')
;
;INSERT `PRODUCTOS` (`COD`, `SECCION`, `NOMBRE`, `PRECIO`, `FECHA`, `IMPORTADO`, `PAIS`) VALUES (N'AR13', N'CONFECCIÓN', N'CAMISA CABALLERO', 67.13, CAST(N'2002-08-11' AS Date), 0, N'ESPAÑA')
;
;INSERT `PRODUCTOS` (`COD`, `SECCION`, `NOMBRE`, `PRECIO`, `FECHA`, `IMPORTADO`, `PAIS`) VALUES (N'AR14', N'JUGUETERÍA', N'TREN ELÉCTRICO', 1505.38, CAST(N'2001-07-03' AS Date), 1, N'JAPÓN')
;
;INSERT `PRODUCTOS` (`COD`, `SECCION`, `NOMBRE`, `PRECIO`, `FECHA`, `IMPORTADO`, `PAIS`) VALUES (N'AR15', N'CERÁMICA', N'PLATO DECORATIVO', 54.09, CAST(N'2000-06-07' AS Date), 1, N'CHINA')
;
;INSERT `PRODUCTOS` (`COD`, `SECCION`, `NOMBRE`, `PRECIO`, `FECHA`, `IMPORTADO`, `PAIS`) VALUES (N'AR16', N'FERRETERÍA', N'ALICATES', 6.74, CAST(N'2000-04-17' AS Date), 1, N'ITALIA')
;
;INSERT `PRODUCTOS` (`COD`, `SECCION`, `NOMBRE`, `PRECIO`, `FECHA`, `IMPORTADO`, `PAIS`) VALUES (N'AR17', N'JUGUETERÍA', N'MUÑECA ANDADORA', 105.06, CAST(N'2001-01-04' AS Date), 0, N'ESPAÑA')
;
;INSERT `PRODUCTOS` (`COD`, `SECCION`, `NOMBRE`, `PRECIO`, `FECHA`, `IMPORTADO`, `PAIS`) VALUES (N'AR18', N'DEPORTES', N'PISTOLA OLÍMPICA', 46.73, CAST(N'2001-02-02' AS Date), 1, N'SUECIA')
;
;INSERT `PRODUCTOS` (`COD`, `SECCION`, `NOMBRE`, `PRECIO`, `FECHA`, `IMPORTADO`, `PAIS`) VALUES (N'AR19', N'CONFECCIÓN', N'BLUSA SRA.', 101.06, CAST(N'2000-03-18' AS Date), 1, N'CHINA')
;
;INSERT `PRODUCTOS` (`COD`, `SECCION`, `NOMBRE`, `PRECIO`, `FECHA`, `IMPORTADO`, `PAIS`) VALUES (N'AR20', N'CERÁMICA', N'JUE; DE TE', 43.27, CAST(N'2001-01-15' AS Date), 1, N'CHINA')
;
;INSERT `PRODUCTOS` (`COD`, `SECCION`, `NOMBRE`, `PRECIO`, `FECHA`, `IMPORTADO`, `PAIS`) VALUES (N'AR21', N'CERÁMICA', N'CENICERO', 19.75, CAST(N'2001-07-02' AS Date), 1, N'JAPÓN')
;
;INSERT `PRODUCTOS` (`COD`, `SECCION`, `NOMBRE`, `PRECIO`, `FECHA`, `IMPORTADO`, `PAIS`) VALUES (N'AR22', N'FERRETERÍA', N'MARTILLO', 11.4, CAST(N'2001-09-04' AS Date), 0, N'ESPAÑA')
;
;INSERT `PRODUCTOS` (`COD`, `SECCION`, `NOMBRE`, `PRECIO`, `FECHA`, `IMPORTADO`, `PAIS`) VALUES (N'AR23', N'CONFECCIÓN', N'CAZADORA PIEL', 522.69, CAST(N'2001-07-10' AS Date), 1, N'ITALIA')
;
;INSERT `PRODUCTOS` (`COD`, `SECCION`, `NOMBRE`, `PRECIO`, `FECHA`, `IMPORTADO`, `PAIS`) VALUES (N'AR24', N'DEPORTES', N'BALÓN RUGBY', 111.64, CAST(N'2000-11-11' AS Date), 1, N'USA')
;
;INSERT `PRODUCTOS` (`COD`, `SECCION`, `NOMBRE`, `PRECIO`, `FECHA`, `IMPORTADO`, `PAIS`) VALUES (N'AR25', N'DEPORTES', N'BALÓN BALONCESTO', 75.27, CAST(N'2001-06-25' AS Date), 1, N'JAPÓN')
;
;INSERT `PRODUCTOS` (`COD`, `SECCION`, `NOMBRE`, `PRECIO`, `FECHA`, `IMPORTADO`, `PAIS`) VALUES (N'AR26', N'JUGUETERÍA', N'FUERTE DE SOLDADOS', 143.7, CAST(N'2000-11-25' AS Date), 1, N'JAPÓN')
;
;INSERT `PRODUCTOS` (`COD`, `SECCION`, `NOMBRE`, `PRECIO`, `FECHA`, `IMPORTADO`, `PAIS`) VALUES (N'AR27', N'CONFECCIÓN', N'ABRI; CABALLERO', 500000, CAST(N'2002-04-05' AS Date), 1, N'ITALIA')
;
;INSERT `PRODUCTOS` (`COD`, `SECCION`, `NOMBRE`, `PRECIO`, `FECHA`, `IMPORTADO`, `PAIS`) VALUES (N'AR28', N'DEPORTES', N'BALÓN FÚTBOL', 43.91, CAST(N'2002-07-04' AS Date), 0, N'ESPAÑA')
;
;INSERT `PRODUCTOS` (`COD`, `SECCION`, `NOMBRE`, `PRECIO`, `FECHA`, `IMPORTADO`, `PAIS`) VALUES (N'AR29', N'CONFECCIÓN', N'ABRI; SRA', 360.07, CAST(N'2001-05-03' AS Date), 1, N'MARRUECOS')
;
;INSERT `PRODUCTOS` (`COD`, `SECCION`, `NOMBRE`, `PRECIO`, `FECHA`, `IMPORTADO`, `PAIS`) VALUES (N'AR30', N'FERRETERÍA', N'DESTORNILLADOR', 9.06, CAST(N'2002-02-20' AS Date), 1, N'FRANCIA')
;
;INSERT `PRODUCTOS` (`COD`, `SECCION`, `NOMBRE`, `PRECIO`, `FECHA`, `IMPORTADO`, `PAIS`) VALUES (N'AR31', N'JUGUETERÍA', N'PISTOLA CON SONIDOS', 57.25, CAST(N'2001-04-15' AS Date), 0, N'ESPAÑA')
;
;INSERT `PRODUCTOS` (`COD`, `SECCION`, `NOMBRE`, `PRECIO`, `FECHA`, `IMPORTADO`, `PAIS`) VALUES (N'AR32', N'DEPORTES', N'CRONÓMETRO', 439.18, CAST(N'2002-01-03' AS Date), 1, N'USA')
;
;INSERT `PRODUCTOS` (`COD`, `SECCION`, `NOMBRE`, `PRECIO`, `FECHA`, `IMPORTADO`, `PAIS`) VALUES (N'AR33', N'CERÁMICA', N'MACETA', 29.04, CAST(N'2000-02-23' AS Date), 0, N'ESPAÑA')
;
;INSERT `PRODUCTOS` (`COD`, `SECCION`, `NOMBRE`, `PRECIO`, `FECHA`, `IMPORTADO`, `PAIS`) VALUES (N'AR34', N'OFICINA', N'PIE DE LÁMPARA', 39.76, CAST(N'2001-05-27' AS Date), 1, N'TURQUÍA')
;
;INSERT `PRODUCTOS` (`COD`, `SECCION`, `NOMBRE`, `PRECIO`, `FECHA`, `IMPORTADO`, `PAIS`) VALUES (N'AR35', N'FERRETERÍA', N'LIMA GRANDE', 22.07, CAST(N'2002-08-10' AS Date), 0, N'ESPAÑA')
;
;INSERT `PRODUCTOS` (`COD`, `SECCION`, `NOMBRE`, `PRECIO`, `FECHA`, `IMPORTADO`, `PAIS`) VALUES (N'AR36', N'FERRETERÍA', N'JUE; DE BROCAS', 15.1, CAST(N'2002-07-04' AS Date), 1, N'TAIWÁN')
;
;INSERT `PRODUCTOS` (`COD`, `SECCION`, `NOMBRE`, `PRECIO`, `FECHA`, `IMPORTADO`, `PAIS`) VALUES (N'AR37', N'CONFECCIÓN', N'CINTURÓN DE PIEL', 4.33, CAST(N'2002-05-12' AS Date), 0, N'ESPAÑA')
;
;INSERT `PRODUCTOS` (`COD`, `SECCION`, `NOMBRE`, `PRECIO`, `FECHA`, `IMPORTADO`, `PAIS`) VALUES (N'AR38', N'DEPORTES', N'CAÑA DE PESCA', 270, CAST(N'2000-02-14' AS Date), 1, N'USA')
;
;INSERT `PRODUCTOS` (`COD`, `SECCION`, `NOMBRE`, `PRECIO`, `FECHA`, `IMPORTADO`, `PAIS`) VALUES (N'AR39', N'CERÁMICA', N'JARRA CHINA', 127.77, CAST(N'2002-09-02' AS Date), 1, N'CHINA')
;
;INSERT `PRODUCTOS` (`COD`, `SECCION`, `NOMBRE`, `PRECIO`, `FECHA`, `IMPORTADO`, `PAIS`) VALUES (N'AR40', N'DEPORTES', N'BOTA ALPINISMO', 144, CAST(N'2002-05-05' AS Date), 0, N'ESPAÑA')
;
;INSERT `PRODUCTOS` (`COD`, `SECCION`, `NOMBRE`, `PRECIO`, `FECHA`, `IMPORTADO`, `PAIS`) VALUES (N'AR41', N'DEPORTES', N'PALAS DE PING PONG', 21.6, CAST(N'2002-02-02' AS Date), 0, N'ESPAÑA')
;

CREATE TABLE `Ciudades`(
	`id` int NOT NULL,
	`Ciudad` varchar(100) NULL,
 CONSTRAINT `PK_Ciudades` PRIMARY KEY 
(
	`id` ASC
)
)
;
/****** Object:  Table `Lluvias`    Script Date: 19/02/2020 9:55:14 ******/


CREATE TABLE `Lluvias`(
	`id` int NOT NULL,
	`idCiudad` int NULL,
	`fecha` int NULL,
	`valor` int NULL,
 CONSTRAINT `PK_Lluvias` PRIMARY KEY 
(
	`id` ASC
)
)
;
;INSERT `Ciudades` (`id`, `Ciudad`) VALUES (1, N'Azul')
;INSERT `Ciudades` (`id`, `Ciudad`) VALUES (2, N'Balcarce')
;INSERT `Ciudades` (`id`, `Ciudad`) VALUES (3, N'Bahía Blanca')
;INSERT `Ciudades` (`id`, `Ciudad`) VALUES (4, N'Mar del Plata')
;INSERT `Ciudades` (`id`, `Ciudad`) VALUES (5, N'Tandil')
;INSERT `Ciudades` (`id`, `Ciudad`) VALUES (6, N'Tres Arroyos')
;INSERT `Ciudades` (`id`, `Ciudad`) VALUES (7, N'Córdoba')
;INSERT `Ciudades` (`id`, `Ciudad`) VALUES (8, N'Villa María')
;INSERT `Ciudades` (`id`, `Ciudad`) VALUES (9, N'Villa Dolores')
;INSERT `Lluvias` (`id`, `idCiudad`, `fecha`, `valor`) VALUES (1, 1, 2019, 680)
;INSERT `Lluvias` (`id`, `idCiudad`, `fecha`, `valor`) VALUES (2, 1, 2018, 904)
;INSERT `Lluvias` (`id`, `idCiudad`, `fecha`, `valor`) VALUES (3, 1, 2017, 1064)
;INSERT `Lluvias` (`id`, `idCiudad`, `fecha`, `valor`) VALUES (4, 1, 2016, 789)
;INSERT `Lluvias` (`id`, `idCiudad`, `fecha`, `valor`) VALUES (5, 1, 2015, 767)
;INSERT `Lluvias` (`id`, `idCiudad`, `fecha`, `valor`) VALUES (6, 1, 2014, 1148)
;INSERT `Lluvias` (`id`, `idCiudad`, `fecha`, `valor`) VALUES (7, 1, 2013, 753)
;INSERT `Lluvias` (`id`, `idCiudad`, `fecha`, `valor`) VALUES (8, 1, 2012, 1467)
;INSERT `Lluvias` (`id`, `idCiudad`, `fecha`, `valor`) VALUES (9, 1, 2011, 866)
;INSERT `Lluvias` (`id`, `idCiudad`, `fecha`, `valor`) VALUES (10, 1, 2010, 693)
;INSERT `Lluvias` (`id`, `idCiudad`, `fecha`, `valor`) VALUES (11, 1, 2009, 856)
;INSERT `Lluvias` (`id`, `idCiudad`, `fecha`, `valor`) VALUES (12, 1, 2008, 613)
;INSERT `Lluvias` (`id`, `idCiudad`, `fecha`, `valor`) VALUES (13, 1, 2007, 731)
;INSERT `Lluvias` (`id`, `idCiudad`, `fecha`, `valor`) VALUES (14, 2, 2019, 844)
;INSERT `Lluvias` (`id`, `idCiudad`, `fecha`, `valor`) VALUES (15, 2, 2018, 1016)
;INSERT `Lluvias` (`id`, `idCiudad`, `fecha`, `valor`) VALUES (16, 2, 2017, 1341)
;INSERT `Lluvias` (`id`, `idCiudad`, `fecha`, `valor`) VALUES (17, 2, 2016, 762)
;INSERT `Lluvias` (`id`, `idCiudad`, `fecha`, `valor`) VALUES (18, 2, 2015, 672)
;INSERT `Lluvias` (`id`, `idCiudad`, `fecha`, `valor`) VALUES (19, 2, 2014, 1228)
;INSERT `Lluvias` (`id`, `idCiudad`, `fecha`, `valor`) VALUES (20, 2, 2013, 866)
;INSERT `Lluvias` (`id`, `idCiudad`, `fecha`, `valor`) VALUES (21, 2, 2012, 1177)
;INSERT `Lluvias` (`id`, `idCiudad`, `fecha`, `valor`) VALUES (22, 2, 2011, 951)
;INSERT `Lluvias` (`id`, `idCiudad`, `fecha`, `valor`) VALUES (23, 2, 2010, 926)
;INSERT `Lluvias` (`id`, `idCiudad`, `fecha`, `valor`) VALUES (24, 2, 2009, 855)
;INSERT `Lluvias` (`id`, `idCiudad`, `fecha`, `valor`) VALUES (25, 2, 2008, 849)
;INSERT `Lluvias` (`id`, `idCiudad`, `fecha`, `valor`) VALUES (26, 2, 2007, 1103)
;INSERT `Lluvias` (`id`, `idCiudad`, `fecha`, `valor`) VALUES (27, 3, 2019, 319)
;INSERT `Lluvias` (`id`, `idCiudad`, `fecha`, `valor`) VALUES (28, 3, 2018, 614)
;INSERT `Lluvias` (`id`, `idCiudad`, `fecha`, `valor`) VALUES (29, 3, 2017, 648)
;INSERT `Lluvias` (`id`, `idCiudad`, `fecha`, `valor`) VALUES (30, 3, 2016, 552)
;INSERT `Lluvias` (`id`, `idCiudad`, `fecha`, `valor`) VALUES (31, 3, 2015, 619)
;INSERT `Lluvias` (`id`, `idCiudad`, `fecha`, `valor`) VALUES (32, 3, 2014, 833)
;INSERT `Lluvias` (`id`, `idCiudad`, `fecha`, `valor`) VALUES (33, 3, 2013, 519)
;INSERT `Lluvias` (`id`, `idCiudad`, `fecha`, `valor`) VALUES (34, 3, 2012, 533)
;INSERT `Lluvias` (`id`, `idCiudad`, `fecha`, `valor`) VALUES (35, 3, 2011, 621)
;INSERT `Lluvias` (`id`, `idCiudad`, `fecha`, `valor`) VALUES (36, 3, 2010, 486)
;INSERT `Lluvias` (`id`, `idCiudad`, `fecha`, `valor`) VALUES (37, 3, 2009, 428)
;INSERT `Lluvias` (`id`, `idCiudad`, `fecha`, `valor`) VALUES (38, 3, 2008, 329)
;INSERT `Lluvias` (`id`, `idCiudad`, `fecha`, `valor`) VALUES (39, 3, 2007, 669)
;INSERT `Lluvias` (`id`, `idCiudad`, `fecha`, `valor`) VALUES (40, 4, 2019, 806)
;INSERT `Lluvias` (`id`, `idCiudad`, `fecha`, `valor`) VALUES (41, 4, 2018, 902)
;INSERT `Lluvias` (`id`, `idCiudad`, `fecha`, `valor`) VALUES (42, 4, 2017, 1350)
;INSERT `Lluvias` (`id`, `idCiudad`, `fecha`, `valor`) VALUES (43, 4, 2016, 1159)
;INSERT `Lluvias` (`id`, `idCiudad`, `fecha`, `valor`) VALUES (44, 4, 2015, 661)
;INSERT `Lluvias` (`id`, `idCiudad`, `fecha`, `valor`) VALUES (45, 4, 2014, 1244)
;INSERT `Lluvias` (`id`, `idCiudad`, `fecha`, `valor`) VALUES (46, 4, 2013, 831)
;INSERT `Lluvias` (`id`, `idCiudad`, `fecha`, `valor`) VALUES (47, 4, 2012, 958)
;INSERT `Lluvias` (`id`, `idCiudad`, `fecha`, `valor`) VALUES (48, 4, 2011, 815)
;INSERT `Lluvias` (`id`, `idCiudad`, `fecha`, `valor`) VALUES (49, 4, 2010, 960)
;INSERT `Lluvias` (`id`, `idCiudad`, `fecha`, `valor`) VALUES (50, 4, 2009, 713)
;INSERT `Lluvias` (`id`, `idCiudad`, `fecha`, `valor`) VALUES (51, 4, 2008, 571)
;INSERT `Lluvias` (`id`, `idCiudad`, `fecha`, `valor`) VALUES (52, 4, 2007, 931)
;INSERT `Lluvias` (`id`, `idCiudad`, `fecha`, `valor`) VALUES (53, 5, 2019, 777)
;INSERT `Lluvias` (`id`, `idCiudad`, `fecha`, `valor`) VALUES (54, 5, 2018, 889)
;INSERT `Lluvias` (`id`, `idCiudad`, `fecha`, `valor`) VALUES (55, 5, 2017, 1119)
;INSERT `Lluvias` (`id`, `idCiudad`, `fecha`, `valor`) VALUES (56, 5, 2016, 994)
;INSERT `Lluvias` (`id`, `idCiudad`, `fecha`, `valor`) VALUES (57, 5, 2015, 855)
;INSERT `Lluvias` (`id`, `idCiudad`, `fecha`, `valor`) VALUES (58, 5, 2014, 1387)
;INSERT `Lluvias` (`id`, `idCiudad`, `fecha`, `valor`) VALUES (59, 5, 2013, 757)
;INSERT `Lluvias` (`id`, `idCiudad`, `fecha`, `valor`) VALUES (60, 5, 2012, 1284)
;INSERT `Lluvias` (`id`, `idCiudad`, `fecha`, `valor`) VALUES (61, 5, 2011, 728)
;INSERT `Lluvias` (`id`, `idCiudad`, `fecha`, `valor`) VALUES (62, 5, 2010, 786)
;INSERT `Lluvias` (`id`, `idCiudad`, `fecha`, `valor`) VALUES (63, 5, 2009, 641)
;INSERT `Lluvias` (`id`, `idCiudad`, `fecha`, `valor`) VALUES (64, 5, 2008, 486)
;INSERT `Lluvias` (`id`, `idCiudad`, `fecha`, `valor`) VALUES (65, 5, 2007, 661)
;INSERT `Lluvias` (`id`, `idCiudad`, `fecha`, `valor`) VALUES (66, 6, 2019, 641)
;INSERT `Lluvias` (`id`, `idCiudad`, `fecha`, `valor`) VALUES (67, 6, 2018, 714)
;INSERT `Lluvias` (`id`, `idCiudad`, `fecha`, `valor`) VALUES (68, 6, 2017, 732)
;INSERT `Lluvias` (`id`, `idCiudad`, `fecha`, `valor`) VALUES (69, 6, 2016, 677)
;INSERT `Lluvias` (`id`, `idCiudad`, `fecha`, `valor`) VALUES (70, 6, 2015, 671)
;INSERT `Lluvias` (`id`, `idCiudad`, `fecha`, `valor`) VALUES (71, 6, 2014, 1183)
;INSERT `Lluvias` (`id`, `idCiudad`, `fecha`, `valor`) VALUES (72, 6, 2013, 705)
;INSERT `Lluvias` (`id`, `idCiudad`, `fecha`, `valor`) VALUES (73, 6, 2012, 971)
;INSERT `Lluvias` (`id`, `idCiudad`, `fecha`, `valor`) VALUES (74, 6, 2011, 831)
;INSERT `Lluvias` (`id`, `idCiudad`, `fecha`, `valor`) VALUES (75, 6, 2010, 887)
;INSERT `Lluvias` (`id`, `idCiudad`, `fecha`, `valor`) VALUES (76, 6, 2009, 534)
;INSERT `Lluvias` (`id`, `idCiudad`, `fecha`, `valor`) VALUES (77, 6, 2008, 485)
;INSERT `Lluvias` (`id`, `idCiudad`, `fecha`, `valor`) VALUES (78, 6, 2007, 691)
;INSERT `Lluvias` (`id`, `idCiudad`, `fecha`, `valor`) VALUES (79, 7, 2019, 864)
;INSERT `Lluvias` (`id`, `idCiudad`, `fecha`, `valor`) VALUES (80, 7, 2018, 557)
;INSERT `Lluvias` (`id`, `idCiudad`, `fecha`, `valor`) VALUES (81, 7, 2017, 673)
;INSERT `Lluvias` (`id`, `idCiudad`, `fecha`, `valor`) VALUES (82, 7, 2016, 1010)
;INSERT `Lluvias` (`id`, `idCiudad`, `fecha`, `valor`) VALUES (83, 7, 2015, 1022)
;INSERT `Lluvias` (`id`, `idCiudad`, `fecha`, `valor`) VALUES (84, 7, 2014, 987)
;INSERT `Lluvias` (`id`, `idCiudad`, `fecha`, `valor`) VALUES (85, 7, 2013, 676)
;INSERT `Lluvias` (`id`, `idCiudad`, `fecha`, `valor`) VALUES (86, 7, 2012, 811)
;INSERT `Lluvias` (`id`, `idCiudad`, `fecha`, `valor`) VALUES (87, 7, 2011, 632)
;INSERT `Lluvias` (`id`, `idCiudad`, `fecha`, `valor`) VALUES (88, 7, 2010, 832)
;INSERT `Lluvias` (`id`, `idCiudad`, `fecha`, `valor`) VALUES (89, 7, 2009, 600)
;INSERT `Lluvias` (`id`, `idCiudad`, `fecha`, `valor`) VALUES (90, 7, 2008, 640)
;INSERT `Lluvias` (`id`, `idCiudad`, `fecha`, `valor`) VALUES (91, 7, 2007, 611)
;INSERT `Lluvias` (`id`, `idCiudad`, `fecha`, `valor`) VALUES (92, 8, 2019, 675)
;INSERT `Lluvias` (`id`, `idCiudad`, `fecha`, `valor`) VALUES (93, 8, 2018, 774)
;INSERT `Lluvias` (`id`, `idCiudad`, `fecha`, `valor`) VALUES (94, 8, 2017, 413)
;INSERT `Lluvias` (`id`, `idCiudad`, `fecha`, `valor`) VALUES (95, 8, 2016, 672)
;INSERT `Lluvias` (`id`, `idCiudad`, `fecha`, `valor`) VALUES (96, 8, 2015, 683)
;INSERT `Lluvias` (`id`, `idCiudad`, `fecha`, `valor`) VALUES (97, 8, 2014, 795)
;INSERT `Lluvias` (`id`, `idCiudad`, `fecha`, `valor`) VALUES (98, 8, 2013, 395)
;INSERT `Lluvias` (`id`, `idCiudad`, `fecha`, `valor`) VALUES (99, 8, 2012, 741)
;INSERT `Lluvias` (`id`, `idCiudad`, `fecha`, `valor`) VALUES (100, 8, 2011, 615)
;
;INSERT `Lluvias` (`id`, `idCiudad`, `fecha`, `valor`) VALUES (101, 8, 2010, 472)
;INSERT `Lluvias` (`id`, `idCiudad`, `fecha`, `valor`) VALUES (102, 8, 2009, 330)
;INSERT `Lluvias` (`id`, `idCiudad`, `fecha`, `valor`) VALUES (103, 8, 2008, 610)
;INSERT `Lluvias` (`id`, `idCiudad`, `fecha`, `valor`) VALUES (104, 8, 2007, 573)
;INSERT `Lluvias` (`id`, `idCiudad`, `fecha`, `valor`) VALUES (105, 9, 2019, 560)
;INSERT `Lluvias` (`id`, `idCiudad`, `fecha`, `valor`) VALUES (106, 9, 2018, 776)
;INSERT `Lluvias` (`id`, `idCiudad`, `fecha`, `valor`) VALUES (107, 9, 2017, 603)
;INSERT `Lluvias` (`id`, `idCiudad`, `fecha`, `valor`) VALUES (108, 9, 2016, 1000)
;INSERT `Lluvias` (`id`, `idCiudad`, `fecha`, `valor`) VALUES (109, 9, 2015, 593)
;INSERT `Lluvias` (`id`, `idCiudad`, `fecha`, `valor`) VALUES (110, 9, 2014, 846)
;INSERT `Lluvias` (`id`, `idCiudad`, `fecha`, `valor`) VALUES (111, 9, 2013, 554)
;INSERT `Lluvias` (`id`, `idCiudad`, `fecha`, `valor`) VALUES (112, 9, 2012, 526)
;INSERT `Lluvias` (`id`, `idCiudad`, `fecha`, `valor`) VALUES (113, 9, 2011, 705)
;INSERT `Lluvias` (`id`, `idCiudad`, `fecha`, `valor`) VALUES (114, 9, 2010, 672)
;INSERT `Lluvias` (`id`, `idCiudad`, `fecha`, `valor`) VALUES (115, 9, 2009, 424)
;INSERT `Lluvias` (`id`, `idCiudad`, `fecha`, `valor`) VALUES (116, 9, 2008, 766)
;INSERT `Lluvias` (`id`, `idCiudad`, `fecha`, `valor`) VALUES (117, 9, 2007, 429);

ALTER TABLE `Lluvias`    ADD  CONSTRAINT FOREIGN KEY (`idCiudad`)
REFERENCES `Ciudades` (`id`)
; 

 

CREATE TABLE `PRODUCTO_PEDIDO`(
	`NROPED` int NOT NULL,
	`CODART` varchar(10) NOT NULL,
	`CANTIDAD` int NULL
)
;



;INSERT INTO `PRODUCTO_PEDIDO` (`NROPED` ,`CODART` ,`CANTIDAD`)  VALUES (1,'AR01', '7')
;INSERT INTO `PRODUCTO_PEDIDO` (`NROPED` ,`CODART` ,`CANTIDAD`)  VALUES (1,'AR09', '10')
;INSERT INTO `PRODUCTO_PEDIDO` (`NROPED` ,`CODART` ,`CANTIDAD`)  VALUES (3,'AR01', '10')
;INSERT INTO `PRODUCTO_PEDIDO` (`NROPED` ,`CODART` ,`CANTIDAD`)  VALUES (3,'AR11', '7')
;INSERT INTO `PRODUCTO_PEDIDO` (`NROPED` ,`CODART` ,`CANTIDAD`)  VALUES (3,'AR06', '9')
;INSERT INTO `PRODUCTO_PEDIDO` (`NROPED` ,`CODART` ,`CANTIDAD`)  VALUES (3,'AR04', '1')
;INSERT INTO `PRODUCTO_PEDIDO` (`NROPED` ,`CODART` ,`CANTIDAD`)  VALUES (5,'AR01', '5')
;INSERT INTO `PRODUCTO_PEDIDO` (`NROPED` ,`CODART` ,`CANTIDAD`)  VALUES (22,'AR07', '3')
;INSERT INTO `PRODUCTO_PEDIDO` (`NROPED` ,`CODART` ,`CANTIDAD`)  VALUES (25,'AR28', '8')
;INSERT INTO `PRODUCTO_PEDIDO` (`NROPED` ,`CODART` ,`CANTIDAD`)  VALUES (27,'AR29', '7')
;INSERT INTO `PRODUCTO_PEDIDO` (`NROPED` ,`CODART` ,`CANTIDAD`)  VALUES (31,'AR01', '8')
;INSERT INTO `PRODUCTO_PEDIDO` (`NROPED` ,`CODART` ,`CANTIDAD`)  VALUES (28,'AR16', '7')
;INSERT INTO `PRODUCTO_PEDIDO` (`NROPED` ,`CODART` ,`CANTIDAD`)  VALUES (47,'AR17', '7')
;INSERT INTO `PRODUCTO_PEDIDO` (`NROPED` ,`CODART` ,`CANTIDAD`)  VALUES (73,'AR01', '7')
;INSERT INTO `PRODUCTO_PEDIDO` (`NROPED` ,`CODART` ,`CANTIDAD`)  VALUES (86,'AR16', '6')
;INSERT INTO `PRODUCTO_PEDIDO` (`NROPED` ,`CODART` ,`CANTIDAD`)  VALUES (98,'AR01', '5')
;INSERT INTO `PRODUCTO_PEDIDO` (`NROPED` ,`CODART` ,`CANTIDAD`)  VALUES (5050,'AR18', '1')
;INSERT INTO `PRODUCTO_PEDIDO` (`NROPED` ,`CODART` ,`CANTIDAD`)  VALUES (19,'AR19', '2')
;INSERT INTO `PRODUCTO_PEDIDO` (`NROPED` ,`CODART` ,`CANTIDAD`)  VALUES (34,'AR01', '5')
;INSERT INTO `PRODUCTO_PEDIDO` (`NROPED` ,`CODART` ,`CANTIDAD`)  VALUES (40,'AR21', '1')
;INSERT INTO `PRODUCTO_PEDIDO` (`NROPED` ,`CODART` ,`CANTIDAD`)  VALUES (42,'AR01', '10')
;INSERT INTO `PRODUCTO_PEDIDO` (`NROPED` ,`CODART` ,`CANTIDAD`)  VALUES (44,'AR13', '1')
;INSERT INTO `PRODUCTO_PEDIDO` (`NROPED` ,`CODART` ,`CANTIDAD`)  VALUES (45,'AR16', '9')
;INSERT INTO `PRODUCTO_PEDIDO` (`NROPED` ,`CODART` ,`CANTIDAD`)  VALUES (46,'AR17', '6')
;INSERT INTO `PRODUCTO_PEDIDO` (`NROPED` ,`CODART` ,`CANTIDAD`)  VALUES (5005,'AR01', '2')
;INSERT INTO `PRODUCTO_PEDIDO` (`NROPED` ,`CODART` ,`CANTIDAD`)  VALUES (72,'AR27', '8')
;INSERT INTO `PRODUCTO_PEDIDO` (`NROPED` ,`CODART` ,`CANTIDAD`)  VALUES (48,'AR28', '9')
;INSERT INTO `PRODUCTO_PEDIDO` (`NROPED` ,`CODART` ,`CANTIDAD`)  VALUES (42,'AR29', '1')
;INSERT INTO `PRODUCTO_PEDIDO` (`NROPED` ,`CODART` ,`CANTIDAD`)  VALUES (44,'AR30', '5')
;INSERT INTO `PRODUCTO_PEDIDO` (`NROPED` ,`CODART` ,`CANTIDAD`)  VALUES (45,'AR31', '5')
;INSERT INTO `PRODUCTO_PEDIDO` (`NROPED` ,`CODART` ,`CANTIDAD`)  VALUES (42,'AR32', '7')
;INSERT INTO `PRODUCTO_PEDIDO` (`NROPED` ,`CODART` ,`CANTIDAD`)  VALUES (44,'AR33', '4')
;INSERT INTO `PRODUCTO_PEDIDO` (`NROPED` ,`CODART` ,`CANTIDAD`)  VALUES (45,'AR34', '4')
;INSERT INTO `PRODUCTO_PEDIDO` (`NROPED` ,`CODART` ,`CANTIDAD`)  VALUES (42,'AR35', '6')
;INSERT INTO `PRODUCTO_PEDIDO` (`NROPED` ,`CODART` ,`CANTIDAD`)  VALUES (44,'AR36', '1')
;INSERT INTO `PRODUCTO_PEDIDO` (`NROPED` ,`CODART` ,`CANTIDAD`)  VALUES (86,'AR37', '10')
;INSERT INTO `PRODUCTO_PEDIDO` (`NROPED` ,`CODART` ,`CANTIDAD`)  VALUES (98,'AR38', '6')
;INSERT INTO `PRODUCTO_PEDIDO` (`NROPED` ,`CODART` ,`CANTIDAD`)  VALUES (5050,'AR39', '4')
;INSERT INTO `PRODUCTO_PEDIDO` (`NROPED` ,`CODART` ,`CANTIDAD`)  VALUES (19,'AR40', '10')
;INSERT INTO `PRODUCTO_PEDIDO` (`NROPED` ,`CODART` ,`CANTIDAD`)  VALUES (44,'AR41', '7')

 